,geo_code,geo_label,all,bicycle,foot,car_driver,car_passenger,train,light_rail,bus,taxi,motorbike,other,cycperc,cycwalk
2,E02001245,Tameside 017,3625,49,443,2407,229,101,8,323,32,19,14,0.013517241,0.099593496
11,E02001073,Manchester 029,5071,483,353,2634,221,91,68,1153,26,21,21,0.095247486,0.577751196
33,E02001019,Bury 001,4192,37,374,3189,220,13,49,273,9,16,12,0.008826336,0.090024331
60,E02001261,Trafford 003,3894,210,501,2159,235,57,132,532,33,12,23,0.053929122,0.29535865
123,E02001001,Bolton 018,3398,34,361,2230,261,168,8,238,51,24,23,0.010005886,0.086075949
194,E02001255,Tameside 027,1973,15,192,1126,126,69,5,411,9,14,6,0.007602636,0.072463768
199,E02001039,Bury 021,3461,53,307,2155,229,21,300,331,32,18,15,0.015313493,0.147222222
209,E02006915,Manchester 058,2979,75,775,1108,134,92,61,657,42,7,28,0.025176234,0.088235294
211,E02001321,Wigan 035,3873,58,301,2978,254,61,2,155,14,35,15,0.014975471,0.161559889
212,E02001260,Trafford 002,3598,120,318,2573,210,42,19,253,26,28,9,0.033351862,0.273972603
244,E02001131,Oldham 034,2260,33,190,1456,163,16,8,354,18,16,6,0.01460177,0.147982063
253,E02001059,Manchester 015,3601,110,494,1507,174,57,43,1157,27,16,16,0.03054707,0.182119205
255,E02001032,Bury 014,3467,72,215,2404,237,21,174,267,23,33,21,0.020767234,0.25087108
256,E02001129,Oldham 032,2428,48,268,1363,139,29,4,524,18,20,15,0.019769357,0.151898734
267,E02001231,Tameside 003,3215,24,176,2365,211,140,9,241,15,17,17,0.007465008,0.12
273,E02001092,Manchester 048,3544,132,377,2149,224,19,19,546,37,18,23,0.03724605,0.259332024
279,E02001052,Manchester 008,3895,78,529,1786,205,80,273,784,95,8,57,0.020025674,0.128500824
288,E02000996,Bolton 013,2606,44,302,1567,205,60,8,315,71,22,12,0.016884114,0.12716763
296,E02001101,Oldham 004,2796,28,186,2088,163,18,1,269,9,18,16,0.010014306,0.130841121
323,E02001109,Oldham 012,3133,35,426,1919,277,18,2,391,25,27,13,0.011171401,0.075921909
333,E02001056,Manchester 012,2377,64,302,1038,150,25,12,710,40,17,19,0.026924695,0.174863388
338,E02001071,Manchester 027,4257,152,418,1857,240,117,25,1319,66,14,49,0.035705896,0.266666667
341,E02001289,Wigan 003,4669,43,195,3739,289,145,3,200,8,26,21,0.009209681,0.180672269
362,E02001174,Salford 018,2772,78,263,1671,214,34,15,442,34,7,14,0.028138528,0.228739003
363,E02001180,Salford 024,1860,59,410,578,107,89,16,550,40,2,9,0.03172043,0.125799574
375,E02001280,Trafford 022,3393,122,221,2398,221,26,119,222,27,25,12,0.035956381,0.355685131
399,E02001066,Manchester 022,3562,209,658,1074,177,95,27,1243,45,5,29,0.058674902,0.24106113
416,E02001264,Trafford 006,3803,143,259,2486,273,56,92,402,54,20,18,0.037601893,0.355721393
434,E02001115,Oldham 018,2720,19,208,1934,217,13,1,283,17,20,8,0.006985294,0.083700441
460,E02001089,Manchester 045,3693,107,300,2339,157,233,11,498,17,15,16,0.028973734,0.262899263
486,E02000995,Bolton 012,3128,28,207,2216,198,106,4,328,17,13,11,0.008951407,0.119148936
488,E02001240,Tameside 012,2841,44,198,1761,220,22,14,537,13,19,13,0.015487504,0.181818182
509,E02001012,Bolton 029,3122,39,419,1968,246,62,3,265,72,28,20,0.012491992,0.085152838
511,E02000985,Bolton 002,3306,25,163,2610,179,199,7,90,14,13,6,0.007562008,0.132978723
558,E02001028,Bury 010,3162,32,158,2538,149,19,93,133,15,16,9,0.010120177,0.168421053
591,E02001312,Wigan 026,3453,66,158,2547,280,50,2,278,17,42,13,0.019113814,0.294642857
592,E02001142,Rochdale 011,2443,11,115,2006,133,46,7,103,17,1,4,0.004502661,0.087301587
597,E02001274,Trafford 016,3264,60,172,2485,152,30,167,158,14,13,13,0.018382353,0.25862069
623,E02001298,Wigan 012,3045,88,568,1741,284,79,1,221,26,22,15,0.028899836,0.134146341
634,E02001224,Stockport 038,2258,36,109,1814,83,104,0,83,2,14,13,0.015943313,0.248275862
640,E02001053,Manchester 009,2941,77,381,1175,182,48,19,975,48,17,19,0.026181571,0.168122271
654,E02001179,Salford 023,2575,108,445,1194,190,41,145,386,40,11,15,0.041941748,0.195298373
658,E02001150,Rochdale 019,3477,35,349,2271,317,10,24,354,74,24,19,0.010066149,0.091145833
664,E02001318,Wigan 032,3322,39,267,2431,234,121,1,172,12,30,15,0.011739916,0.12745098
666,E02001299,Wigan 013,4036,63,355,2876,262,195,1,215,16,42,11,0.015609514,0.150717703
716,E02001277,Trafford 019,3999,127,319,2670,221,29,149,426,13,27,18,0.031757939,0.284753363
723,E02001194,Stockport 008,2511,71,125,1769,120,216,5,180,3,10,12,0.028275587,0.362244898
786,E02001324,Wigan 038,3746,77,468,2630,246,50,3,212,12,34,14,0.020555259,0.141284404
800,E02001196,Stockport 010,3127,41,179,2201,145,277,5,241,9,13,16,0.013111609,0.186363636
840,E02001166,Salford 010,1961,39,500,1020,112,13,12,226,22,1,16,0.019887812,0.072356215
842,E02001233,Tameside 005,3097,60,372,1942,247,74,4,343,20,23,12,0.019373587,0.138888889
861,E02000984,Bolton 001,3693,20,173,3056,179,152,3,74,8,18,10,0.005415651,0.103626943
912,E02001160,Salford 004,2089,41,186,1350,161,27,3,257,31,23,10,0.019626616,0.18061674
916,E02001297,Wigan 011,2912,70,325,1906,283,39,1,218,35,27,8,0.024038462,0.17721519
941,E02001186,Salford 030,4539,151,485,2975,314,180,13,308,44,51,18,0.033267239,0.237421384
963,E02001108,Oldham 011,2003,31,327,1098,183,13,1,295,42,6,7,0.015476785,0.086592179
983,E02001192,Stockport 006,3088,96,184,1877,120,377,13,384,14,10,13,0.031088083,0.342857143
996,E02001072,Manchester 028,4072,465,334,1919,124,111,41,976,45,25,32,0.114194499,0.581977472
1014,E02001055,Manchester 011,3098,102,330,1555,250,36,13,752,34,15,11,0.032924467,0.236111111
1024,E02001235,Tameside 007,2945,40,539,1753,163,154,4,253,17,15,7,0.013582343,0.069084629
1052,E02001125,Oldham 028,3706,58,342,2421,295,56,2,466,25,26,15,0.015650297,0.145
1054,E02001045,Manchester 001,2837,49,227,1588,206,26,77,593,31,22,18,0.017271766,0.177536232
1089,E02001165,Salford 009,2704,45,306,1710,213,48,3,315,36,19,9,0.016642012,0.128205128
1103,E02001046,Manchester 002,3468,59,341,1832,254,42,30,833,44,18,15,0.017012687,0.1475
1106,E02001211,Stockport 025,2479,55,120,1874,107,193,8,101,7,6,8,0.022186365,0.314285714
1110,E02001172,Salford 016,3783,95,854,1423,221,59,38,991,58,14,30,0.025112345,0.100105374
1116,E02001140,Rochdale 009,2835,39,318,1822,242,58,5,222,91,18,20,0.013756614,0.109243697
1180,E02001257,Tameside 029,3455,60,236,2242,186,28,1,633,21,33,15,0.017366136,0.202702703
1208,E02001285,Trafford 027,3151,75,277,2292,113,92,209,51,8,11,23,0.023801968,0.213068182
1223,E02001022,Bury 004,3295,53,269,2298,226,17,109,266,39,13,5,0.016084977,0.164596273
1244,E02001241,Tameside 013,3432,64,809,1465,174,117,8,713,44,11,27,0.018648019,0.073310424
1263,E02001288,Wigan 002,3317,36,223,2649,205,65,5,98,4,18,14,0.010853181,0.138996139
1272,E02001038,Bury 020,2486,36,203,1539,140,25,301,195,20,17,10,0.014481094,0.150627615
1278,E02001106,Oldham 009,2734,33,392,1719,224,17,3,292,24,16,14,0.012070227,0.077647059
1285,E02001036,Bury 018,3227,29,223,2302,212,23,182,206,23,19,8,0.008986675,0.115079365
1292,E02001020,Bury 002,2461,19,111,1991,140,8,55,120,2,11,4,0.007720439,0.146153846
1297,E02001236,Tameside 008,2177,23,339,1226,154,166,7,216,20,20,6,0.010564998,0.063535912
1358,E02001114,Oldham 017,3221,41,379,2099,266,39,2,331,31,16,17,0.012728966,0.097619048
1383,E02001209,Stockport 023,3686,86,421,2211,164,291,8,452,5,32,16,0.023331525,0.169625247
1399,E02001006,Bolton 023,2718,23,444,1543,254,128,1,208,81,14,22,0.008462104,0.049250535
1404,E02001220,Stockport 034,2496,46,195,1842,111,126,5,139,12,11,9,0.018429487,0.190871369
1460,E02001296,Wigan 010,2826,108,537,1429,294,60,0,295,60,25,18,0.038216561,0.16744186
1515,E02006913,Manchester 056,2844,55,1021,869,90,153,88,499,38,10,21,0.019338959,0.051115242
1520,E02001148,Rochdale 017,4128,65,346,2713,358,141,13,368,73,28,23,0.015746124,0.158150852
1525,E02001227,Stockport 041,2363,47,127,1865,80,132,6,77,1,9,19,0.01988997,0.270114943
1548,E02001230,Tameside 002,2699,30,166,1987,194,73,7,195,22,15,10,0.011115228,0.153061224
1560,E02001004,Bolton 021,2468,27,571,1168,243,112,3,259,61,6,18,0.010940032,0.045150502
1593,E02001326,Wigan 040,3435,52,192,2761,180,46,4,157,2,30,11,0.015138282,0.213114754
1649,E02001311,Wigan 025,3725,52,275,2712,270,45,4,293,11,45,18,0.013959732,0.159021407
1683,E02001246,Tameside 018,2932,41,364,1919,221,70,6,243,25,37,6,0.013983629,0.101234568
1725,E02001102,Oldham 005,3079,29,295,2161,226,25,8,273,27,19,16,0.009418642,0.089506173
1764,E02001130,Oldham 033,2669,48,181,1881,187,17,7,296,27,14,11,0.017984264,0.209606987
1807,E02001042,Bury 024,2936,54,223,1964,138,36,243,217,29,17,15,0.018392371,0.194945848
1812,E02001047,Manchester 003,3797,71,273,2204,276,52,25,816,32,21,27,0.018698973,0.206395349
1814,E02001254,Tameside 026,2546,47,236,1618,167,46,2,390,6,25,9,0.01846033,0.166077739
1837,E02000990,Bolton 007,3754,47,380,2729,208,142,8,180,15,27,18,0.012519979,0.110070258
1873,E02001043,Bury 025,2427,59,170,1622,166,21,116,235,14,13,11,0.024309848,0.257641921
1898,E02000988,Bolton 005,3429,34,448,2187,258,104,3,311,50,18,16,0.009915427,0.070539419
1902,E02001141,Rochdale 010,3784,51,803,1806,300,123,8,518,141,8,26,0.013477801,0.05971897
1978,E02001067,Manchester 023,3006,93,326,1292,152,61,13,1009,32,18,10,0.030938124,0.221957041
2001,E02001267,Trafford 009,3463,139,298,2300,184,167,29,271,31,20,24,0.040138608,0.318077803
2018,E02001169,Salford 013,5077,38,161,4255,252,53,20,232,24,18,24,0.007484735,0.190954774
2025,E02001270,Trafford 012,3838,141,353,2506,154,37,382,224,9,18,14,0.036737884,0.285425101
2080,E02001078,Manchester 034,4105,176,324,2220,232,173,20,864,50,16,30,0.042874543,0.352
2146,E02001310,Wigan 024,3682,97,264,2526,280,87,1,333,20,57,17,0.026344378,0.268698061
2156,E02001080,Manchester 036,3709,206,378,1346,162,206,29,1336,18,10,18,0.055540577,0.352739726
2170,E02001163,Salford 007,4224,65,317,3016,276,166,9,286,44,30,15,0.015388258,0.170157068
2175,E02001282,Trafford 024,4703,127,681,2853,166,77,528,206,8,20,37,0.02700404,0.157178218
2176,E02001302,Wigan 016,3189,67,263,2232,240,84,0,239,15,36,13,0.021009721,0.203030303
2185,E02001215,Stockport 029,2404,24,219,1724,99,184,2,127,1,11,13,0.009983361,0.098765432
2193,E02001308,Wigan 022,2684,22,263,1863,169,138,2,185,10,24,8,0.008196721,0.077192982
2220,E02001065,Manchester 021,3537,97,326,1707,168,85,17,1083,19,22,13,0.027424371,0.229314421
2241,E02001287,Wigan 001,2684,14,145,2190,152,53,2,96,9,15,8,0.005216095,0.088050314
2288,E02001145,Rochdale 014,3307,35,252,2480,213,61,1,208,25,18,14,0.010583611,0.12195122
2305,E02001203,Stockport 017,2446,35,118,1817,74,286,5,83,1,10,17,0.014309076,0.22875817
2317,E02001244,Tameside 016,2622,38,257,1858,150,115,4,158,18,16,8,0.014492754,0.128813559
2351,E02001208,Stockport 022,3557,125,331,2476,185,91,3,291,6,35,14,0.035141974,0.274122807
2362,E02001029,Bury 011,2853,59,561,1579,184,17,127,242,46,23,15,0.020679986,0.09516129
2445,E02001025,Bury 007,2869,58,533,1672,210,16,72,231,44,20,13,0.020216103,0.098138748
2473,E02001062,Manchester 018,2756,101,712,830,93,67,34,857,29,8,25,0.036647315,0.124231242
2525,E02001281,Trafford 023,3330,87,257,2438,162,43,237,70,6,15,15,0.026126126,0.252906977
2590,E02001035,Bury 017,3161,25,159,2420,157,20,151,179,23,13,14,0.00790889,0.135869565
2603,E02001096,Manchester 052,3158,119,310,1827,272,65,8,480,45,11,21,0.037682077,0.277389277
2605,E02001157,Salford 001,2419,52,279,1375,231,29,4,365,44,25,15,0.021496486,0.157099698
2645,E02000997,Bolton 014,2461,32,256,1766,134,119,3,109,13,18,11,0.013002844,0.111111111
2682,E02001153,Rochdale 022,3525,32,353,1978,296,29,8,710,86,20,13,0.009078014,0.083116883
2685,E02000992,Bolton 009,2696,17,116,2117,156,135,3,116,7,15,14,0.006305638,0.127819549
2688,E02001116,Oldham 019,2252,25,311,1349,180,11,5,295,52,9,15,0.011101243,0.074404762
2692,E02001126,Oldham 029,2691,40,394,1415,218,14,4,541,36,14,15,0.014864363,0.092165899
2694,E02000989,Bolton 006,3507,26,146,2819,202,87,16,160,16,25,10,0.007413744,0.151162791
2700,E02001091,Manchester 047,3712,141,297,2420,190,19,139,443,25,20,18,0.037984914,0.321917808
2718,E02001206,Stockport 020,2900,37,333,1862,121,279,6,214,7,28,13,0.012758621,0.1
2745,E02001138,Rochdale 007,3916,22,174,3170,257,40,4,179,38,13,19,0.005617978,0.112244898
2763,E02001097,Manchester 053,3351,151,469,1703,270,57,7,585,69,21,19,0.045061176,0.243548387
2766,E02001290,Wigan 004,2633,26,124,2095,172,57,0,116,13,16,14,0.009874668,0.173333333
2774,E02001178,Salford 022,5748,160,2612,1494,178,310,154,728,62,20,30,0.027835769,0.057720058
2785,E02001225,Stockport 039,3189,64,185,2398,146,204,7,148,7,17,13,0.020068987,0.257028112
2802,E02001033,Bury 015,2502,51,209,1591,169,20,226,191,20,15,10,0.020383693,0.196153846
2812,E02001221,Stockport 035,2604,55,151,2004,86,167,4,114,4,12,7,0.021121352,0.266990291
2835,E02001119,Oldham 022,2692,19,429,1466,354,20,1,284,88,3,28,0.007057949,0.042410714
2884,E02006916,Manchester 059,3408,179,1269,1129,84,141,165,412,15,3,11,0.052523474,0.123618785
2901,E02001184,Salford 028,5743,221,1341,2459,210,141,863,392,52,20,44,0.03848163,0.141485275
2930,E02001010,Bolton 027,2310,30,290,1367,179,67,1,283,57,24,12,0.012987013,0.09375
2941,E02001136,Rochdale 005,3796,32,387,2716,264,91,0,207,69,16,14,0.008429926,0.076372315
2953,E02001266,Trafford 008,2953,128,247,1882,173,31,65,357,43,12,15,0.04334575,0.341333333
2981,E02001104,Oldham 007,3155,22,179,2319,240,15,3,322,23,19,13,0.006973059,0.109452736
2991,E02001243,Tameside 015,3674,34,314,2613,190,268,7,195,12,22,19,0.009254219,0.097701149
3002,E02001123,Oldham 026,2301,20,187,1439,190,23,4,374,35,14,15,0.008691873,0.096618357
3022,E02001317,Wigan 031,3537,64,420,2468,200,37,1,291,15,30,11,0.01809443,0.132231405
3023,E02001049,Manchester 005,4072,65,260,2583,347,64,13,656,33,31,20,0.015962672,0.2
3033,E02001286,Trafford 028,2852,39,93,2411,115,38,75,52,12,6,11,0.013674614,0.295454545
3043,E02000986,Bolton 003,3879,36,267,2915,243,157,4,196,23,25,13,0.009280742,0.118811881
3104,E02001151,Rochdale 020,4319,43,410,3075,315,28,16,334,52,32,14,0.009956008,0.094922737
3109,E02001301,Wigan 015,3580,82,535,2174,299,122,3,286,48,13,18,0.022905028,0.132901135
3111,E02001085,Manchester 041,2861,96,304,1434,186,99,8,661,30,26,17,0.033554701,0.24
3135,E02001064,Manchester 020,2837,78,335,1215,156,44,17,911,40,7,34,0.027493832,0.188861985
3165,E02001177,Salford 021,5161,152,833,2653,376,62,319,649,63,24,30,0.029451657,0.154314721
3190,E02001090,Manchester 046,3228,121,212,2011,175,34,13,623,19,13,7,0.037484511,0.363363363
3195,E02001283,Trafford 025,3623,83,365,2576,141,57,230,122,14,11,24,0.022909191,0.185267857
3211,E02001121,Oldham 024,1873,19,354,927,177,7,4,318,41,6,20,0.010144154,0.050938338
3235,E02001205,Stockport 019,3741,89,495,2345,208,134,1,407,17,26,19,0.02379043,0.15239726
3279,E02001112,Oldham 015,3030,28,177,2282,217,99,6,175,23,9,14,0.009240924,0.136585366
3323,E02001002,Bolton 019,4157,45,335,2866,353,110,20,303,74,33,18,0.010825114,0.118421053
3343,E02001228,Stockport 042,2119,28,116,1681,81,140,12,41,4,7,9,0.01321378,0.194444444
3350,E02001238,Tameside 010,3498,60,219,2315,203,20,8,598,18,39,18,0.017152659,0.215053763
3402,E02001061,Manchester 017,3075,82,331,1370,163,97,22,961,24,7,18,0.026666667,0.198547215
3448,E02001094,Manchester 050,3022,111,492,1389,221,24,9,691,50,20,15,0.036730642,0.184079602
3513,E02001118,Oldham 021,2954,24,139,2285,182,60,1,222,10,17,14,0.008124577,0.147239264
3534,E02001041,Bury 023,3405,71,293,1995,203,40,418,311,37,21,16,0.020851689,0.195054945
3578,E02001003,Bolton 020,3005,24,99,2391,164,181,11,97,12,11,15,0.007986689,0.195121951
3607,E02001207,Stockport 021,3409,59,166,2664,173,95,3,195,10,26,18,0.017307128,0.262222222
3662,E02001249,Tameside 021,2850,57,295,1792,175,53,4,421,17,20,16,0.02,0.161931818
3664,E02001294,Wigan 008,3712,77,766,2223,262,181,2,139,26,19,17,0.020743534,0.091340451
3667,E02001181,Salford 025,2185,72,212,1301,188,17,36,301,30,21,7,0.032951945,0.253521127
3679,E02001175,Salford 019,2956,104,247,1838,262,24,47,347,42,33,12,0.035182679,0.296296296
3684,E02001048,Manchester 004,3314,72,314,1869,191,58,314,400,60,16,20,0.021726011,0.186528497
3712,E02001279,Trafford 021,3985,120,221,2870,190,47,386,100,10,25,16,0.030112923,0.351906158
3730,E02001226,Stockport 040,2991,72,195,2241,140,142,3,139,23,16,20,0.024072217,0.269662921
3751,E02001063,Manchester 019,3555,152,995,1055,102,145,44,1003,23,6,30,0.042756681,0.132519616
3762,E02001183,Salford 027,2768,100,308,1675,183,33,77,312,33,30,17,0.036127168,0.245098039
3781,E02001170,Salford 014,4361,73,192,3526,217,41,15,235,20,24,18,0.01673928,0.275471698
3836,E02001187,Stockport 001,3337,59,232,2205,201,90,3,508,9,19,11,0.017680551,0.202749141
3858,E02000999,Bolton 016,2280,24,578,936,195,162,3,295,57,13,17,0.010526316,0.03986711
3860,E02001269,Trafford 011,3685,247,341,1984,209,47,312,494,23,14,14,0.067028494,0.420068027
3876,E02001074,Manchester 030,4272,282,332,2157,230,62,23,1088,33,27,38,0.066011236,0.459283388
3891,E02001300,Wigan 014,3401,77,356,2244,299,73,1,269,34,38,10,0.0226404,0.177829099
3917,E02001176,Salford 020,4896,123,595,3055,318,92,195,419,46,36,17,0.025122549,0.171309192
3933,E02001051,Manchester 007,3296,56,295,1694,280,38,8,855,38,14,18,0.016990291,0.15954416
3940,E02001075,Manchester 031,3360,188,280,1405,134,243,22,1027,28,16,17,0.055952381,0.401709402
3946,E02001232,Tameside 004,3274,54,473,1952,229,103,5,380,31,28,19,0.016493586,0.102466793
3967,E02001137,Rochdale 006,2997,22,141,2415,168,48,12,129,30,16,16,0.007340674,0.134969325
3976,E02001069,Manchester 025,3683,256,633,1073,148,74,24,1410,26,15,24,0.069508553,0.287964004
3978,E02001201,Stockport 015,2882,85,356,1911,178,73,3,233,7,25,11,0.029493407,0.192743764
4015,E02001068,Manchester 024,2599,147,435,878,88,36,17,953,28,7,10,0.056560215,0.25257732
4016,E02001291,Wigan 005,3217,61,450,2059,304,79,0,202,36,14,12,0.018961766,0.119373777
4019,E02001248,Tameside 020,4337,74,543,2683,303,279,6,369,29,36,15,0.017062486,0.11993517
4035,E02001218,Stockport 032,2361,43,102,1878,93,115,6,97,3,18,6,0.018212622,0.296551724
4052,E02001009,Bolton 026,2668,33,283,1694,240,72,2,242,63,23,16,0.012368816,0.10443038
4084,E02001323,Wigan 037,3214,64,328,2346,196,46,1,174,14,29,16,0.019912881,0.163265306
4085,E02000994,Bolton 011,2544,18,447,1423,217,75,2,274,54,12,22,0.007075472,0.038709677
4094,E02001293,Wigan 007,2861,36,275,2094,211,59,0,143,17,19,7,0.012583013,0.115755627
4128,E02001214,Stockport 028,2802,55,169,2112,143,120,11,153,15,10,14,0.019628837,0.245535714
4150,E02006902,Manchester 054,3561,102,1693,691,60,300,174,498,13,8,22,0.028643639,0.056824513
4179,E02001292,Wigan 006,3658,52,633,2407,222,173,5,111,24,14,17,0.014215418,0.075912409
4190,E02001159,Salford 003,2455,27,258,1600,180,41,5,280,31,23,10,0.010997963,0.094736842
4204,E02006914,Manchester 057,2531,80,1154,496,65,205,85,419,10,6,11,0.03160806,0.064829822
4206,E02001275,Trafford 017,3129,80,267,1985,234,18,17,459,9,38,22,0.025567274,0.23054755
4228,E02001014,Bolton 031,3770,51,355,2639,266,180,2,218,18,22,19,0.013527851,0.125615764
4233,E02001155,Rochdale 024,3123,29,282,1962,223,21,17,512,43,11,23,0.009285943,0.093247588
4257,E02001262,Trafford 004,3206,164,338,1804,172,34,187,430,39,13,25,0.051154086,0.326693227
4260,E02001263,Trafford 005,3626,108,280,2707,205,72,24,175,12,23,20,0.029784887,0.278350515
4276,E02001320,Wigan 034,3387,73,429,2305,231,20,1,258,19,40,11,0.021552997,0.145418327
4289,E02001162,Salford 006,2397,45,266,1519,172,43,4,295,19,20,14,0.018773467,0.144694534
4321,E02001210,Stockport 024,2817,67,368,1743,167,68,1,340,12,43,8,0.023784168,0.154022989
4357,E02001017,Bolton 034,5023,60,321,3647,345,90,28,420,57,45,10,0.011945053,0.157480315
4378,E02001306,Wigan 020,3485,71,283,2544,270,69,3,187,29,18,11,0.020373027,0.200564972
4395,E02001154,Rochdale 023,4788,51,467,3031,411,100,8,568,92,39,21,0.010651629,0.098455598
4398,E02001313,Wigan 027,3088,65,302,2070,251,43,3,281,27,31,15,0.021049223,0.177111717
4439,E02001219,Stockport 033,2373,41,163,1809,94,141,3,92,12,15,3,0.017277708,0.200980392
4447,E02001146,Rochdale 015,2580,13,430,1389,240,153,5,232,94,6,18,0.00503876,0.029345372
4452,E02001271,Trafford 013,2889,81,201,2075,141,19,95,231,19,11,16,0.028037383,0.287234043
4462,E02001161,Salford 005,2730,47,261,1772,173,43,6,365,24,20,19,0.017216117,0.152597403
4464,E02001018,Bolton 035,3721,39,146,2930,194,216,2,120,12,45,17,0.010481053,0.210810811
4468,E02001325,Wigan 039,3497,35,148,2878,158,87,4,129,11,34,13,0.010008579,0.191256831
4490,E02001217,Stockport 031,3034,82,413,1879,147,193,3,275,12,15,15,0.027027027,0.165656566
4506,E02001200,Stockport 014,2541,85,508,1198,110,120,2,482,8,17,11,0.033451397,0.143338954
4511,E02000993,Bolton 010,2601,43,373,1471,233,125,4,248,77,18,9,0.016532103,0.103365385
4594,E02001253,Tameside 025,2447,40,258,1570,163,30,6,345,5,25,5,0.016346547,0.134228188
4621,E02001315,Wigan 029,3576,56,168,2892,187,23,3,196,15,20,16,0.015659955,0.25
4629,E02001086,Manchester 042,3058,180,173,1861,113,40,17,624,19,20,11,0.058862001,0.509915014
4680,E02001229,Tameside 001,4832,68,274,3378,277,439,8,333,12,34,9,0.014072848,0.198830409
4687,E02001284,Trafford 026,3551,81,309,2659,115,71,246,41,3,10,16,0.022810476,0.207692308
4712,E02001050,Manchester 006,2763,53,358,1205,165,57,69,798,25,16,17,0.019182048,0.128953771
4753,E02001189,Stockport 003,4019,70,334,2688,209,125,4,549,10,21,9,0.017417268,0.173267327
4769,E02001127,Oldham 030,2534,33,342,1409,233,5,3,435,46,13,15,0.013022889,0.088
4798,E02001307,Wigan 021,5867,61,277,4663,414,134,1,243,26,30,18,0.010397137,0.180473373
4876,E02001023,Bury 005,2490,29,165,1856,152,11,81,146,22,14,14,0.011646586,0.149484536
4884,E02001156,Rochdale 025,4202,63,226,3057,284,29,15,464,27,25,12,0.014992861,0.21799308
4889,E02001273,Trafford 015,4483,159,355,2761,157,46,718,242,11,16,18,0.035467321,0.309338521
4939,E02001147,Rochdale 016,3229,42,288,2083,255,64,1,394,68,20,14,0.013007123,0.127272727
4949,E02001202,Stockport 016,3036,79,513,1672,156,243,8,331,12,13,9,0.02602108,0.133445946
4959,E02001247,Tameside 019,3096,69,341,1956,176,106,7,408,13,9,11,0.022286822,0.168292683
4962,E02001135,Rochdale 004,2241,30,277,1339,207,46,6,232,67,19,18,0.013386881,0.09771987
4971,E02001182,Salford 026,2408,80,401,1241,172,29,99,309,39,19,19,0.033222591,0.166320166
4975,E02001256,Tameside 028,3793,44,493,2291,282,119,3,490,19,27,25,0.011600316,0.081936685
4989,E02001013,Bolton 030,2546,27,70,2007,175,111,7,111,13,19,6,0.01060487,0.278350515
4998,E02000998,Bolton 015,3239,36,564,1766,245,167,5,356,57,22,21,0.011114542,0.06
5022,E02001173,Salford 017,2727,99,438,1050,220,84,24,729,64,9,10,0.03630363,0.184357542
5036,E02001188,Stockport 002,3513,88,267,2170,173,95,12,658,12,27,11,0.025049815,0.247887324
5038,E02001083,Manchester 039,4826,265,321,2837,163,85,11,1087,18,16,23,0.054910899,0.45221843
5042,E02001088,Manchester 044,3592,126,222,2222,206,18,42,697,27,12,20,0.035077951,0.362068966
5047,E02001252,Tameside 024,3409,47,143,2451,183,49,9,489,12,16,10,0.013787034,0.247368421
5049,E02001124,Oldham 027,2119,30,309,1176,189,5,5,347,27,22,9,0.014157622,0.088495575
5064,E02001164,Salford 008,2778,50,279,1748,217,30,8,364,42,22,18,0.01799856,0.151975684
5069,E02001113,Oldham 016,2358,18,396,1127,392,20,1,308,36,4,56,0.007633588,0.043478261
5094,E02001305,Wigan 019,3818,40,177,2963,257,76,0,252,11,32,10,0.010476689,0.184331797
5121,E02001128,Oldham 031,3413,52,387,2068,244,19,8,571,36,18,10,0.015235863,0.118451025
5132,E02001265,Trafford 007,3726,121,182,2678,246,79,19,341,17,28,15,0.032474503,0.399339934
5179,E02001005,Bolton 022,2827,32,450,1546,241,186,1,247,88,17,19,0.01131942,0.066390041
5180,E02001139,Rochdale 008,2664,14,430,1511,290,73,3,216,93,7,27,0.005255255,0.031531532
5183,E02001011,Bolton 028,4945,50,243,3865,275,283,3,156,19,33,18,0.010111223,0.170648464
5227,E02000987,Bolton 004,3166,49,340,2151,229,93,3,253,12,25,11,0.015476943,0.12596401
5237,E02001100,Oldham 003,2599,25,247,1882,174,24,2,202,8,23,12,0.009619084,0.091911765
5239,E02006917,Manchester 060,3356,65,1676,996,64,211,132,175,13,3,21,0.019368296,0.037334865
5247,E02001095,Manchester 051,3325,146,528,1677,239,20,14,623,43,18,17,0.043909774,0.216617211
5267,E02001213,Stockport 027,4219,113,559,2739,169,248,7,344,3,24,13,0.026783598,0.168154762
5315,E02001223,Stockport 037,2850,59,131,2224,114,204,8,78,5,8,19,0.020701754,0.310526316
5327,E02001272,Trafford 014,3624,112,244,2522,157,36,330,168,16,18,21,0.030905077,0.314606742
5367,E02006912,Manchester 055,4446,110,2210,818,68,533,193,482,10,3,19,0.024741341,0.047413793
5369,E02001084,Manchester 040,3881,239,339,1907,157,150,14,1043,9,15,8,0.061582066,0.41349481
5421,E02001191,Stockport 005,2568,36,158,1883,123,144,0,193,5,15,11,0.014018692,0.18556701
5423,E02001278,Trafford 020,3970,117,205,2818,193,53,377,166,11,17,13,0.029471033,0.363354037
5446,E02001103,Oldham 006,2424,15,110,1961,126,76,3,99,8,11,15,0.006188119,0.12
5478,E02001030,Bury 012,2813,25,84,2275,163,23,67,131,10,23,12,0.008887309,0.229357798
5480,E02001251,Tameside 023,2598,32,172,1884,140,170,5,157,8,19,11,0.012317167,0.156862745
5483,E02001167,Salford 011,2487,77,197,1494,213,27,18,410,24,15,12,0.030960997,0.281021898
5503,E02001000,Bolton 017,3857,56,549,2338,305,145,6,298,102,38,20,0.014519056,0.092561983
5537,E02001237,Tameside 009,3078,42,273,2080,194,208,3,215,27,23,13,0.013645224,0.133333333
5564,E02001040,Bury 022,2725,47,152,1920,157,21,181,202,19,14,12,0.017247706,0.236180905
5566,E02001016,Bolton 033,3000,59,367,1777,270,45,2,361,65,38,16,0.019666667,0.138497653
5575,E02001107,Oldham 010,2510,33,234,1679,250,53,6,196,32,18,9,0.01314741,0.123595506
5613,E02001212,Stockport 026,2420,69,297,1430,152,76,2,341,11,26,16,0.028512397,0.18852459
5614,E02001015,Bolton 032,3253,53,426,2004,282,68,4,323,61,24,8,0.016292653,0.110647182
5615,E02001031,Bury 013,2882,38,272,1996,198,21,64,250,26,8,9,0.013185288,0.122580645
5633,E02001158,Salford 002,2232,44,257,1368,196,34,3,281,29,14,6,0.019713262,0.146179402
5649,E02001044,Bury 026,3241,44,338,2131,183,26,201,242,41,19,16,0.013576057,0.115183246
5651,E02001258,Tameside 030,3243,40,192,2421,188,95,2,251,10,35,9,0.012334258,0.172413793
5669,E02001193,Stockport 007,2943,64,328,1746,159,72,6,528,17,15,8,0.021746517,0.163265306
5674,E02001309,Wigan 023,3613,69,266,2624,223,125,3,260,5,27,11,0.019097703,0.205970149
5708,E02006860,Oldham 035,4033,27,528,2394,406,18,9,488,110,10,43,0.006694768,0.048648649
5711,E02001027,Bury 009,3251,50,460,2079,177,11,156,242,45,23,8,0.015379883,0.098039216
5725,E02001195,Stockport 009,3587,56,283,2539,182,141,6,323,15,24,18,0.015611932,0.16519174
5759,E02001314,Wigan 028,3976,38,177,3218,229,45,5,211,7,32,14,0.009557344,0.176744186
5777,E02001190,Stockport 004,2077,66,284,973,122,64,3,517,15,22,11,0.031776601,0.188571429
5780,E02001024,Bury 006,3889,48,234,2954,237,11,119,223,21,22,20,0.012342504,0.170212766
5802,E02001322,Wigan 036,3363,31,295,2521,230,79,3,144,14,26,20,0.00921796,0.095092025
5827,E02001197,Stockport 011,2806,76,243,1887,118,163,4,276,14,19,6,0.027084818,0.238244514
5859,E02001303,Wigan 017,3159,59,292,2025,247,165,3,284,16,41,27,0.018676796,0.168091168
5863,E02001171,Salford 015,2716,48,239,1907,211,22,12,222,28,16,11,0.017673049,0.167247387
5868,E02001110,Oldham 013,2912,21,132,2323,127,142,8,123,6,14,16,0.007211538,0.137254902
5903,E02001008,Bolton 025,2384,28,398,1304,245,106,4,182,86,10,21,0.011744966,0.0657277
5913,E02001037,Bury 019,3084,46,142,2339,157,22,231,109,15,8,15,0.014915694,0.244680851
5917,E02001079,Manchester 035,3323,140,344,1523,179,32,18,1022,30,13,22,0.042130605,0.289256198
5936,E02001143,Rochdale 012,3584,41,435,2227,300,95,3,355,88,21,19,0.011439732,0.086134454
5939,E02001204,Stockport 018,4401,126,482,2914,218,199,3,389,20,28,22,0.028629857,0.207236842
5979,E02001319,Wigan 033,3013,84,364,1964,246,19,1,269,27,30,9,0.02787919,0.1875
6011,E02001216,Stockport 030,3238,72,185,2469,135,182,9,156,6,10,14,0.022235948,0.280155642
6028,E02001087,Manchester 043,5069,252,364,3165,143,174,30,889,11,16,25,0.049713948,0.409090909
6037,E02001259,Trafford 001,3791,214,551,1672,162,70,158,878,56,9,21,0.056449486,0.279738562
6057,E02001242,Tameside 014,2729,41,202,1875,135,36,3,403,8,12,14,0.015023818,0.16872428
6091,E02001007,Bolton 024,4620,40,302,3380,315,65,85,336,39,42,16,0.008658009,0.116959064
6092,E02001295,Wigan 009,2808,73,658,1476,247,81,1,213,31,21,7,0.025997151,0.099863201
6096,E02001134,Rochdale 003,2876,26,165,2203,162,171,0,100,17,21,11,0.009040334,0.136125654
6141,E02001133,Rochdale 002,2905,35,214,2177,178,105,5,130,27,20,14,0.012048193,0.140562249
6143,E02001081,Manchester 037,3211,283,214,1954,117,58,40,514,13,12,6,0.088134538,0.569416499
6163,E02001077,Manchester 033,3843,336,279,2133,136,65,26,811,24,15,18,0.087431694,0.546341463
6182,E02001222,Stockport 036,2467,47,140,1842,145,139,9,98,20,13,14,0.01905148,0.251336898
6195,E02001199,Stockport 013,3732,111,180,2651,157,194,11,379,26,11,12,0.029742765,0.381443299
6227,E02001070,Manchester 026,3564,168,599,1159,204,87,37,1239,28,18,25,0.047138047,0.219035202
6231,E02001111,Oldham 014,1822,23,465,734,184,4,0,351,39,6,16,0.012623491,0.047131148
6252,E02001057,Manchester 013,3631,135,1157,1130,132,224,100,699,27,14,13,0.03717984,0.104489164
6264,E02001144,Rochdale 013,2648,36,197,1883,181,44,0,241,29,20,17,0.013595166,0.154506438
6344,E02001098,Oldham 001,2615,32,223,1910,171,26,2,198,19,23,11,0.012237094,0.125490196
6346,E02001149,Rochdale 018,3871,63,528,2361,337,18,14,454,64,14,18,0.016274864,0.106598985
6365,E02001105,Oldham 008,2717,34,308,1853,212,23,4,251,16,8,8,0.012513802,0.099415205
6383,E02001117,Oldham 020,2635,19,246,1898,118,181,2,141,8,11,11,0.007210626,0.071698113
6398,E02000991,Bolton 008,3523,36,297,2472,280,117,6,263,22,15,15,0.010218564,0.108108108
6456,E02001239,Tameside 011,4037,81,346,2372,248,29,10,894,21,27,9,0.020064404,0.18969555
6460,E02001268,Trafford 010,3266,104,288,2343,175,122,22,161,21,14,16,0.031843233,0.265306122
6467,E02001304,Wigan 018,5380,60,277,4318,297,142,1,220,16,30,19,0.011152416,0.178041543
6483,E02001168,Salford 012,4144,87,413,2657,344,39,26,489,60,16,13,0.020994208,0.174
6492,E02001093,Manchester 049,3767,103,386,2197,252,53,3,669,56,28,20,0.027342713,0.210633947
6532,E02001034,Bury 016,3138,57,322,1873,215,25,279,306,27,20,14,0.018164436,0.150395778
6601,E02001185,Salford 029,4331,122,336,2994,314,106,19,351,37,32,20,0.028169014,0.266375546
6613,E02001316,Wigan 030,2959,53,564,1768,209,24,1,300,8,25,7,0.017911457,0.085899514
6617,E02001276,Trafford 018,3358,106,238,2301,178,24,181,276,19,24,11,0.031566409,0.308139535
6632,E02001250,Tameside 022,3079,41,183,2271,177,176,4,175,12,26,14,0.013316012,0.183035714
6654,E02001026,Bury 008,3473,54,795,1790,243,21,162,291,80,25,12,0.015548517,0.06360424
6656,E02001234,Tameside 006,3001,44,514,1621,204,121,5,434,29,15,14,0.014661779,0.078853047
6671,E02001198,Stockport 012,2946,48,265,1992,164,149,4,274,14,26,10,0.016293279,0.153354633
6673,E02001152,Rochdale 021,3857,47,304,2493,304,29,4,563,70,29,14,0.012185637,0.133903134
6686,E02001099,Oldham 002,2847,32,375,1881,196,10,2,311,14,20,6,0.011239902,0.078624079
6691,E02001021,Bury 003,3777,34,156,3089,177,18,90,169,12,17,15,0.009001853,0.178947368
6733,E02001076,Manchester 032,3638,163,380,1127,189,105,34,1581,28,14,17,0.044804838,0.300184162
6743,E02001082,Manchester 038,3674,244,302,1793,101,86,15,1100,8,13,12,0.066412629,0.446886447
6764,E02001132,Rochdale 001,2895,37,312,1967,163,182,3,177,20,20,14,0.012780656,0.106017192
